model,N,K,M,m_tile,step,step_name,protocol,latency_us_p50,latency_us_p30,bandwidth_gbps,pct_of_spec_peak,clocks_sm_mhz,rel_l2,pass,config,pdl_trigger
kimi_k3,7168,12288,1,8,4,tile_stage,PDL,27.0194,26.9308,3260.882,0.815221,1830,1.657347e-03,1,M_TILE=8;BM=56;WG=2;REG=80;STG=3;TILES=1;SUBS=2;PREPACK=1;PDL=1;EPI=0;SPLITK=0;SK=1;PR=32;SPW=0;PLA=0;SISM=1,producer
kimi_k3,7168,12288,1,8,4,tile_stage,PDL,26.9810,26.9212,3265.523,0.816381,1830,1.657347e-03,1,M_TILE=8;BM=56;WG=2;REG=80;STG=3;TILES=1;SUBS=2;PREPACK=1;PDL=1;EPI=1;SPLITK=0;SK=1;PR=32;SPW=0;PLA=0;SISM=1,both
kimi_k3,7168,12288,1,8,4,tile_stage,PDL,27.4030,27.3753,3215.229,0.803807,1830,1.657347e-03,1,M_TILE=8;BM=56;WG=2;REG=80;STG=3;TILES=1;SUBS=2;PREPACK=1;PDL=0;EPI=1;SPLITK=0;SK=1;PR=32;SPW=0;PLA=0;SISM=1,store
kimi_k3,7168,12288,2,8,4,tile_stage,PDL,27.6473,27.6306,3187.786,0.796946,1830,1.644479e-03,1,M_TILE=8;BM=56;WG=2;REG=80;STG=3;TILES=1;SUBS=2;PREPACK=1;PDL=1;EPI=0;SPLITK=0;SK=1;PR=32;SPW=0;PLA=0;SISM=1,producer
kimi_k3,7168,12288,2,8,4,tile_stage,PDL,27.5922,27.5723,3194.153,0.798538,1830,1.644479e-03,1,M_TILE=8;BM=56;WG=2;REG=80;STG=3;TILES=1;SUBS=2;PREPACK=1;PDL=1;EPI=1;SPLITK=0;SK=1;PR=32;SPW=0;PLA=0;SISM=1,both
kimi_k3,7168,12288,2,8,4,tile_stage,PDL,28.1639,28.1572,3129.311,0.782328,1830,1.644479e-03,1,M_TILE=8;BM=56;WG=2;REG=80;STG=3;TILES=1;SUBS=2;PREPACK=1;PDL=0;EPI=1;SPLITK=0;SK=1;PR=32;SPW=0;PLA=0;SISM=1,store
kimi_k3,7168,12288,4,8,4,tile_stage,PDL,27.9228,27.9157,3158.234,0.789559,1830,1.656549e-03,1,M_TILE=8;BM=56;WG=2;REG=80;STG=3;TILES=1;SUBS=2;PREPACK=1;PDL=1;EPI=0;SPLITK=0;SK=1;PR=32;SPW=0;PLA=0;SISM=1,producer
kimi_k3,7168,12288,4,8,4,tile_stage,PDL,27.8912,27.8005,3161.817,0.790454,1830,1.656549e-03,1,M_TILE=8;BM=56;WG=2;REG=80;STG=3;TILES=1;SUBS=2;PREPACK=1;PDL=1;EPI=1;SPLITK=0;SK=1;PR=32;SPW=0;PLA=0;SISM=1,both
kimi_k3,7168,12288,4,8,4,tile_stage,PDL,28.4153,28.3975,3103.501,0.775875,1830,1.656549e-03,1,M_TILE=8;BM=56;WG=2;REG=80;STG=3;TILES=1;SUBS=2;PREPACK=1;PDL=0;EPI=1;SPLITK=0;SK=1;PR=32;SPW=0;PLA=0;SISM=1,store
kimi_k3,7168,12288,8,8,4,tile_stage,PDL,28.2347,28.2140,3127.126,0.781782,1830,1.664365e-03,1,M_TILE=8;BM=56;WG=2;REG=80;STG=3;TILES=1;SUBS=2;PREPACK=1;PDL=1;EPI=0;SPLITK=0;SK=1;PR=32;SPW=0;PLA=0;SISM=1,producer
kimi_k3,7168,12288,8,8,4,tile_stage,PDL,28.2414,28.2332,3126.379,0.781595,1830,1.664365e-03,1,M_TILE=8;BM=56;WG=2;REG=80;STG=3;TILES=1;SUBS=2;PREPACK=1;PDL=1;EPI=1;SPLITK=0;SK=1;PR=32;SPW=0;PLA=0;SISM=1,both
kimi_k3,7168,12288,8,8,4,tile_stage,PDL,28.8245,28.8004,3063.133,0.765783,1830,1.664365e-03,1,M_TILE=8;BM=56;WG=2;REG=80;STG=3;TILES=1;SUBS=2;PREPACK=1;PDL=0;EPI=1;SPLITK=0;SK=1;PR=32;SPW=0;PLA=0;SISM=1,store
qwen36,2048,4096,1,8,4,tile_stage,PDL,4.5838,4.5259,1831.834,0.457958,1830,1.653887e-03,1,M_TILE=8;BM=56;WG=2;REG=80;STG=3;TILES=1;SUBS=2;PREPACK=1;PDL=1;EPI=0;SPLITK=0;SK=1;PR=32;SPW=0;PLA=0;SISM=1,producer
qwen36,2048,4096,1,8,4,tile_stage,PDL,4.4942,4.4700,1868.354,0.467089,1830,1.653887e-03,1,M_TILE=8;BM=56;WG=2;REG=80;STG=3;TILES=1;SUBS=2;PREPACK=1;PDL=1;EPI=1;SPLITK=0;SK=1;PR=32;SPW=0;PLA=0;SISM=1,both
qwen36,2048,4096,1,8,4,tile_stage,PDL,5.6996,5.6708,1473.238,0.368309,1830,1.653887e-03,1,M_TILE=8;BM=56;WG=2;REG=80;STG=3;TILES=1;SUBS=2;PREPACK=1;PDL=0;EPI=1;SPLITK=0;SK=1;PR=32;SPW=0;PLA=0;SISM=1,store
qwen36,2048,4096,2,8,4,tile_stage,PDL,4.7993,4.7872,1751.299,0.437825,1830,1.656351e-03,1,M_TILE=8;BM=56;WG=2;REG=80;STG=3;TILES=1;SUBS=2;PREPACK=1;PDL=1;EPI=0;SPLITK=0;SK=1;PR=32;SPW=0;PLA=0;SISM=1,producer
qwen36,2048,4096,2,8,4,tile_stage,PDL,4.8306,4.7851,1739.956,0.434989,1830,1.656351e-03,1,M_TILE=8;BM=56;WG=2;REG=80;STG=3;TILES=1;SUBS=2;PREPACK=1;PDL=1;EPI=1;SPLITK=0;SK=1;PR=32;SPW=0;PLA=0;SISM=1,both
qwen36,2048,4096,2,8,4,tile_stage,PDL,6.4523,6.4252,1302.642,0.325660,1830,1.656351e-03,1,M_TILE=8;BM=56;WG=2;REG=80;STG=3;TILES=1;SUBS=2;PREPACK=1;PDL=0;EPI=1;SPLITK=0;SK=1;PR=32;SPW=0;PLA=0;SISM=1,store
qwen36,2048,4096,4,8,4,tile_stage,PDL,4.8686,4.8569,1729.725,0.432431,1830,1.666980e-03,1,M_TILE=8;BM=56;WG=2;REG=80;STG=3;TILES=1;SUBS=2;PREPACK=1;PDL=1;EPI=0;SPLITK=0;SK=1;PR=32;SPW=0;PLA=0;SISM=1,producer
qwen36,2048,4096,4,8,4,tile_stage,PDL,4.8377,4.8210,1740.785,0.435196,1830,1.666980e-03,1,M_TILE=8;BM=56;WG=2;REG=80;STG=3;TILES=1;SUBS=2;PREPACK=1;PDL=1;EPI=1;SPLITK=0;SK=1;PR=32;SPW=0;PLA=0;SISM=1,both
qwen36,2048,4096,4,8,4,tile_stage,PDL,6.5472,6.4981,1286.256,0.321564,1830,1.666980e-03,1,M_TILE=8;BM=56;WG=2;REG=80;STG=3;TILES=1;SUBS=2;PREPACK=1;PDL=0;EPI=1;SPLITK=0;SK=1;PR=32;SPW=0;PLA=0;SISM=1,store
qwen36,2048,4096,8,8,4,tile_stage,PDL,4.8935,4.8921,1727.623,0.431906,1830,1.677281e-03,1,M_TILE=8;BM=56;WG=2;REG=80;STG=3;TILES=1;SUBS=2;PREPACK=1;PDL=1;EPI=0;SPLITK=0;SK=1;PR=32;SPW=0;PLA=0;SISM=1,producer
qwen36,2048,4096,8,8,4,tile_stage,PDL,4.8988,4.8576,1725.742,0.431436,1830,1.677281e-03,1,M_TILE=8;BM=56;WG=2;REG=80;STG=3;TILES=1;SUBS=2;PREPACK=1;PDL=1;EPI=1;SPLITK=0;SK=1;PR=32;SPW=0;PLA=0;SISM=1,both
qwen36,2048,4096,8,8,4,tile_stage,PDL,6.5351,6.5326,1293.650,0.323412,1830,1.677281e-03,1,M_TILE=8;BM=56;WG=2;REG=80;STG=3;TILES=1;SUBS=2;PREPACK=1;PDL=0;EPI=1;SPLITK=0;SK=1;PR=32;SPW=0;PLA=0;SISM=1,store
glm52,6144,16384,1,8,4,tile_stage,PDL,31.3274,31.2486,3214.186,0.803547,1830,1.671420e-03,1,M_TILE=8;BM=56;WG=2;REG=80;STG=3;TILES=1;SUBS=2;PREPACK=1;PDL=1;EPI=0;SPLITK=0;SK=1;PR=32;SPW=0;PLA=0;SISM=1,producer
glm52,6144,16384,1,8,4,tile_stage,PDL,31.3939,31.1494,3207.372,0.801843,1830,1.671420e-03,1,M_TILE=8;BM=56;WG=2;REG=80;STG=3;TILES=1;SUBS=2;PREPACK=1;PDL=1;EPI=1;SPLITK=0;SK=1;PR=32;SPW=0;PLA=0;SISM=1,both
glm52,6144,16384,1,8,4,tile_stage,PDL,31.1245,30.9818,3235.137,0.808784,1830,1.671420e-03,1,M_TILE=8;BM=56;WG=2;REG=80;STG=3;TILES=1;SUBS=2;PREPACK=1;PDL=0;EPI=1;SPLITK=0;SK=1;PR=32;SPW=0;PLA=0;SISM=1,store
glm52,6144,16384,2,8,4,tile_stage,PDL,31.6480,31.6403,3182.528,0.795632,1830,1.679704e-03,1,M_TILE=8;BM=56;WG=2;REG=80;STG=3;TILES=1;SUBS=2;PREPACK=1;PDL=1;EPI=0;SPLITK=0;SK=1;PR=32;SPW=0;PLA=0;SISM=1,producer
glm52,6144,16384,2,8,4,tile_stage,PDL,31.7677,31.6493,3170.538,0.792635,1830,1.679704e-03,1,M_TILE=8;BM=56;WG=2;REG=80;STG=3;TILES=1;SUBS=2;PREPACK=1;PDL=1;EPI=1;SPLITK=0;SK=1;PR=32;SPW=0;PLA=0;SISM=1,both
glm52,6144,16384,2,8,4,tile_stage,PDL,31.6646,31.5885,3180.855,0.795214,1830,1.679704e-03,1,M_TILE=8;BM=56;WG=2;REG=80;STG=3;TILES=1;SUBS=2;PREPACK=1;PDL=0;EPI=1;SPLITK=0;SK=1;PR=32;SPW=0;PLA=0;SISM=1,store
glm52,6144,16384,4,8,4,tile_stage,PDL,31.8707,31.8547,3162.087,0.790522,1830,1.666145e-03,1,M_TILE=8;BM=56;WG=2;REG=80;STG=3;TILES=1;SUBS=2;PREPACK=1;PDL=1;EPI=0;SPLITK=0;SK=1;PR=32;SPW=0;PLA=0;SISM=1,producer
glm52,6144,16384,4,8,4,tile_stage,PDL,31.7965,31.7779,3169.470,0.792367,1830,1.666145e-03,1,M_TILE=8;BM=56;WG=2;REG=80;STG=3;TILES=1;SUBS=2;PREPACK=1;PDL=1;EPI=1;SPLITK=0;SK=1;PR=32;SPW=0;PLA=0;SISM=1,both
glm52,6144,16384,4,8,4,tile_stage,PDL,31.9552,31.9277,3153.727,0.788432,1830,1.666145e-03,1,M_TILE=8;BM=56;WG=2;REG=80;STG=3;TILES=1;SUBS=2;PREPACK=1;PDL=0;EPI=1;SPLITK=0;SK=1;PR=32;SPW=0;PLA=0;SISM=1,store
glm52,6144,16384,8,8,4,tile_stage,PDL,32.2861,32.0736,3124.959,0.781240,1830,1.665705e-03,1,M_TILE=8;BM=56;WG=2;REG=80;STG=3;TILES=1;SUBS=2;PREPACK=1;PDL=1;EPI=0;SPLITK=0;SK=1;PR=32;SPW=0;PLA=0;SISM=1,producer
glm52,6144,16384,8,8,4,tile_stage,PDL,32.1126,32.0634,3141.837,0.785459,1830,1.665705e-03,1,M_TILE=8;BM=56;WG=2;REG=80;STG=3;TILES=1;SUBS=2;PREPACK=1;PDL=1;EPI=1;SPLITK=0;SK=1;PR=32;SPW=0;PLA=0;SISM=1,both
glm52,6144,16384,8,8,4,tile_stage,PDL,32.2464,32.1933,3128.804,0.782201,1830,1.665705e-03,1,M_TILE=8;BM=56;WG=2;REG=80;STG=3;TILES=1;SUBS=2;PREPACK=1;PDL=0;EPI=1;SPLITK=0;SK=1;PR=32;SPW=0;PLA=0;SISM=1,store
deepseek_v4_pro,7168,16384,1,8,4,tile_stage,PDL,35.3875,35.3306,3319.567,0.829892,1830,1.682975e-03,1,M_TILE=8;BM=56;WG=2;REG=80;STG=3;TILES=1;SUBS=2;PREPACK=1;PDL=1;EPI=0;SPLITK=0;SK=1;PR=32;SPW=0;PLA=0;SISM=1,producer
deepseek_v4_pro,7168,16384,1,8,4,tile_stage,PDL,35.3894,35.2896,3319.387,0.829847,1830,1.682975e-03,1,M_TILE=8;BM=56;WG=2;REG=80;STG=3;TILES=1;SUBS=2;PREPACK=1;PDL=1;EPI=1;SPLITK=0;SK=1;PR=32;SPW=0;PLA=0;SISM=1,both
deepseek_v4_pro,7168,16384,1,8,4,tile_stage,PDL,35.5782,35.5110,3301.772,0.825443,1830,1.682975e-03,1,M_TILE=8;BM=56;WG=2;REG=80;STG=3;TILES=1;SUBS=2;PREPACK=1;PDL=0;EPI=1;SPLITK=0;SK=1;PR=32;SPW=0;PLA=0;SISM=1,store
deepseek_v4_pro,7168,16384,2,8,4,tile_stage,PDL,35.6070,35.6000,3299.964,0.824991,1830,1.681628e-03,1,M_TILE=8;BM=56;WG=2;REG=80;STG=3;TILES=1;SUBS=2;PREPACK=1;PDL=1;EPI=0;SPLITK=0;SK=1;PR=32;SPW=0;PLA=0;SISM=1,producer
deepseek_v4_pro,7168,16384,2,8,4,tile_stage,PDL,35.5885,35.5674,3301.685,0.825421,1830,1.681628e-03,1,M_TILE=8;BM=56;WG=2;REG=80;STG=3;TILES=1;SUBS=2;PREPACK=1;PDL=1;EPI=1;SPLITK=0;SK=1;PR=32;SPW=0;PLA=0;SISM=1,both
deepseek_v4_pro,7168,16384,2,8,4,tile_stage,PDL,36.0262,35.9667,3261.566,0.815391,1830,1.681628e-03,1,M_TILE=8;BM=56;WG=2;REG=80;STG=3;TILES=1;SUBS=2;PREPACK=1;PDL=0;EPI=1;SPLITK=0;SK=1;PR=32;SPW=0;PLA=0;SISM=1,store
deepseek_v4_pro,7168,16384,4,8,4,tile_stage,PDL,35.6877,35.6224,3294.229,0.823557,1830,1.670621e-03,1,M_TILE=8;BM=56;WG=2;REG=80;STG=3;TILES=1;SUBS=2;PREPACK=1;PDL=1;EPI=0;SPLITK=0;SK=1;PR=32;SPW=0;PLA=0;SISM=1,producer
deepseek_v4_pro,7168,16384,4,8,4,tile_stage,PDL,35.6659,35.4848,3296.239,0.824060,1830,1.670621e-03,1,M_TILE=8;BM=56;WG=2;REG=80;STG=3;TILES=1;SUBS=2;PREPACK=1;PDL=1;EPI=1;SPLITK=0;SK=1;PR=32;SPW=0;PLA=0;SISM=1,both
deepseek_v4_pro,7168,16384,4,8,4,tile_stage,PDL,36.1888,36.1318,3248.613,0.812153,1830,1.670621e-03,1,M_TILE=8;BM=56;WG=2;REG=80;STG=3;TILES=1;SUBS=2;PREPACK=1;PDL=0;EPI=1;SPLITK=0;SK=1;PR=32;SPW=0;PLA=0;SISM=1,store
deepseek_v4_pro,7168,16384,8,8,4,tile_stage,PDL,36.0595,35.9040,3263.667,0.815917,1830,1.670905e-03,1,M_TILE=8;BM=56;WG=2;REG=80;STG=3;TILES=1;SUBS=2;PREPACK=1;PDL=1;EPI=0;SPLITK=0;SK=1;PR=32;SPW=0;PLA=0;SISM=1,producer
deepseek_v4_pro,7168,16384,8,8,4,tile_stage,PDL,36.0352,35.9462,3265.870,0.816467,1830,1.670905e-03,1,M_TILE=8;BM=56;WG=2;REG=80;STG=3;TILES=1;SUBS=2;PREPACK=1;PDL=1;EPI=1;SPLITK=0;SK=1;PR=32;SPW=0;PLA=0;SISM=1,both
deepseek_v4_pro,7168,16384,8,8,4,tile_stage,PDL,36.7526,36.6598,3202.118,0.800529,1830,1.670905e-03,1,M_TILE=8;BM=56;WG=2;REG=80;STG=3;TILES=1;SUBS=2;PREPACK=1;PDL=0;EPI=1;SPLITK=0;SK=1;PR=32;SPW=0;PLA=0;SISM=1,store
minimax_m3,6144,8192,1,8,4,tile_stage,PDL,16.3545,16.3292,3078.795,0.769699,1830,1.658379e-03,1,M_TILE=8;BM=56;WG=2;REG=80;STG=3;TILES=1;SUBS=2;PREPACK=1;PDL=1;EPI=0;SPLITK=0;SK=1;PR=32;SPW=0;PLA=0;SISM=1,producer
minimax_m3,6144,8192,1,8,4,tile_stage,PDL,16.3687,16.3349,3076.121,0.769030,1830,1.658379e-03,1,M_TILE=8;BM=56;WG=2;REG=80;STG=3;TILES=1;SUBS=2;PREPACK=1;PDL=1;EPI=1;SPLITK=0;SK=1;PR=32;SPW=0;PLA=0;SISM=1,both
minimax_m3,6144,8192,1,8,4,tile_stage,PDL,16.7147,16.6980,3012.452,0.753113,1830,1.658379e-03,1,M_TILE=8;BM=56;WG=2;REG=80;STG=3;TILES=1;SUBS=2;PREPACK=1;PDL=0;EPI=1;SPLITK=0;SK=1;PR=32;SPW=0;PLA=0;SISM=1,store
minimax_m3,6144,8192,2,8,4,tile_stage,PDL,16.7079,16.6677,3014.896,0.753724,1830,1.647788e-03,1,M_TILE=8;BM=56;WG=2;REG=80;STG=3;TILES=1;SUBS=2;PREPACK=1;PDL=1;EPI=0;SPLITK=0;SK=1;PR=32;SPW=0;PLA=0;SISM=1,producer
minimax_m3,6144,8192,2,8,4,tile_stage,PDL,16.6898,16.5461,3018.171,0.754543,1830,1.647788e-03,1,M_TILE=8;BM=56;WG=2;REG=80;STG=3;TILES=1;SUBS=2;PREPACK=1;PDL=1;EPI=1;SPLITK=0;SK=1;PR=32;SPW=0;PLA=0;SISM=1,both
minimax_m3,6144,8192,2,8,4,tile_stage,PDL,17.1534,17.0891,2936.592,0.734148,1830,1.647788e-03,1,M_TILE=8;BM=56;WG=2;REG=80;STG=3;TILES=1;SUBS=2;PREPACK=1;PDL=0;EPI=1;SPLITK=0;SK=1;PR=32;SPW=0;PLA=0;SISM=1,store
minimax_m3,6144,8192,4,8,4,tile_stage,PDL,16.8046,16.7595,2999.982,0.749996,1830,1.653507e-03,1,M_TILE=8;BM=56;WG=2;REG=80;STG=3;TILES=1;SUBS=2;PREPACK=1;PDL=1;EPI=0;SPLITK=0;SK=1;PR=32;SPW=0;PLA=0;SISM=1,producer
minimax_m3,6144,8192,4,8,4,tile_stage,PDL,16.7890,16.7356,3002.778,0.750694,1830,1.653507e-03,1,M_TILE=8;BM=56;WG=2;REG=80;STG=3;TILES=1;SUBS=2;PREPACK=1;PDL=1;EPI=1;SPLITK=0;SK=1;PR=32;SPW=0;PLA=0;SISM=1,both
minimax_m3,6144,8192,4,8,4,tile_stage,PDL,17.2110,17.1687,2929.144,0.732286,1830,1.653507e-03,1,M_TILE=8;BM=56;WG=2;REG=80;STG=3;TILES=1;SUBS=2;PREPACK=1;PDL=0;EPI=1;SPLITK=0;SK=1;PR=32;SPW=0;PLA=0;SISM=1,store
minimax_m3,6144,8192,8,8,4,tile_stage,PDL,16.8608,16.8306,2994.845,0.748711,1830,1.652492e-03,1,M_TILE=8;BM=56;WG=2;REG=80;STG=3;TILES=1;SUBS=2;PREPACK=1;PDL=1;EPI=0;SPLITK=0;SK=1;PR=32;SPW=0;PLA=0;SISM=1,producer
minimax_m3,6144,8192,8,8,4,tile_stage,PDL,16.8420,16.7381,2998.196,0.749549,1830,1.652492e-03,1,M_TILE=8;BM=56;WG=2;REG=80;STG=3;TILES=1;SUBS=2;PREPACK=1;PDL=1;EPI=1;SPLITK=0;SK=1;PR=32;SPW=0;PLA=0;SISM=1,both
minimax_m3,6144,8192,8,8,4,tile_stage,PDL,17.5218,17.5204,2881.870,0.720468,1830,1.652492e-03,1,M_TILE=8;BM=56;WG=2;REG=80;STG=3;TILES=1;SUBS=2;PREPACK=1;PDL=0;EPI=1;SPLITK=0;SK=1;PR=32;SPW=0;PLA=0;SISM=1,store
