model,N,K,M,m_tile,step,step_name,protocol,latency_us_p50,latency_us_p30,bandwidth_gbps,pct_of_spec_peak,clocks_sm_mhz,rel_l2,pass,config,splitk_on
kimi_k3,7168,12288,1,8,6,splitk,ISO,41.1520,40.7360,2141.014,0.535253,1830,1.657347e-03,1,M_TILE=8;BM=56;WG=2;REG=80;STG=3;TILES=1;SUBS=2;PREPACK=1;PDL=1;EPI=1;SPLITK=0;PR=32;SPW=0;PLA=0;SISM=1,0
kimi_k3,7168,12288,1,8,6,splitk,B2B,29.6512,29.6224,2971.448,0.742862,1830,1.657347e-03,1,M_TILE=8;BM=56;WG=2;REG=80;STG=3;TILES=1;SUBS=2;PREPACK=1;PDL=1;EPI=1;SPLITK=0;PR=32;SPW=0;PLA=0;SISM=1,0
kimi_k3,7168,12288,1,8,6,splitk,PDL,27.0048,26.8686,3262.642,0.815661,1830,1.657347e-03,1,M_TILE=8;BM=56;WG=2;REG=80;STG=3;TILES=1;SUBS=2;PREPACK=1;PDL=1;EPI=1;SPLITK=0;PR=32;SPW=0;PLA=0;SISM=1,0
kimi_k3,7168,12288,1,8,6,splitk,ISO,43.0400,42.7200,2047.096,0.511774,1830,1.657344e-03,1,M_TILE=8;BM=56;WG=2;REG=80;STG=3;TILES=1;SUBS=2;PREPACK=1;PDL=1;EPI=1;SPLITK=1;PR=32;SPW=0;PLA=0;SISM=1,1
kimi_k3,7168,12288,1,8,6,splitk,B2B,32.3545,32.3072,2723.177,0.680794,1830,1.657344e-03,1,M_TILE=8;BM=56;WG=2;REG=80;STG=3;TILES=1;SUBS=2;PREPACK=1;PDL=1;EPI=1;SPLITK=1;PR=32;SPW=0;PLA=0;SISM=1,1
kimi_k3,7168,12288,1,8,6,splitk,PDL,26.6937,26.6827,3300.668,0.825167,1830,1.657344e-03,1,M_TILE=8;BM=56;WG=2;REG=80;STG=3;TILES=1;SUBS=2;PREPACK=1;PDL=1;EPI=1;SPLITK=1;PR=32;SPW=0;PLA=0;SISM=1,1
kimi_k3,7168,12288,8,8,6,splitk,ISO,43.9360,43.5520,2009.591,0.502398,1830,1.664365e-03,1,M_TILE=8;BM=56;WG=2;REG=80;STG=3;TILES=1;SUBS=2;PREPACK=1;PDL=1;EPI=1;SPLITK=0;PR=32;SPW=0;PLA=0;SISM=1,0
kimi_k3,7168,12288,8,8,6,splitk,B2B,32.7310,32.7243,2697.544,0.674386,1830,1.664365e-03,1,M_TILE=8;BM=56;WG=2;REG=80;STG=3;TILES=1;SUBS=2;PREPACK=1;PDL=1;EPI=1;SPLITK=0;PR=32;SPW=0;PLA=0;SISM=1,0
kimi_k3,7168,12288,8,8,6,splitk,PDL,28.0377,28.0363,3149.096,0.787274,1830,1.664365e-03,1,M_TILE=8;BM=56;WG=2;REG=80;STG=3;TILES=1;SUBS=2;PREPACK=1;PDL=1;EPI=1;SPLITK=0;PR=32;SPW=0;PLA=0;SISM=1,0
kimi_k3,7168,12288,8,8,6,splitk,ISO,47.1040,46.6240,1874.435,0.468609,1830,1.664362e-03,1,M_TILE=8;BM=56;WG=2;REG=80;STG=3;TILES=1;SUBS=2;PREPACK=1;PDL=1;EPI=1;SPLITK=1;PR=32;SPW=0;PLA=0;SISM=1,1
kimi_k3,7168,12288,8,8,6,splitk,B2B,37.1406,37.1335,2377.272,0.594318,1830,1.664362e-03,1,M_TILE=8;BM=56;WG=2;REG=80;STG=3;TILES=1;SUBS=2;PREPACK=1;PDL=1;EPI=1;SPLITK=1;PR=32;SPW=0;PLA=0;SISM=1,1
kimi_k3,7168,12288,8,8,6,splitk,PDL,28.9220,28.9020,3052.815,0.763204,1830,1.664362e-03,1,M_TILE=8;BM=56;WG=2;REG=80;STG=3;TILES=1;SUBS=2;PREPACK=1;PDL=1;EPI=1;SPLITK=1;PR=32;SPW=0;PLA=0;SISM=1,1
kimi_k3,7168,12288,64,64,6,splitk,ISO,156.8000,156.1920,572.604,0.143151,1830,1.665388e-03,1,M_TILE=64;BM=56;WG=2;REG=168;STG=2;TILES=2;SUBS=2;PREPACK=1;PDL=1;EPI=1;SPLITK=0;PR=32;SPW=0;PLA=0;SISM=0,0
kimi_k3,7168,12288,64,64,6,splitk,B2B,152.3115,152.1785,589.478,0.147370,1830,1.665388e-03,1,M_TILE=64;BM=56;WG=2;REG=168;STG=2;TILES=2;SUBS=2;PREPACK=1;PDL=1;EPI=1;SPLITK=0;PR=32;SPW=0;PLA=0;SISM=0,0
kimi_k3,7168,12288,64,64,6,splitk,PDL,142.4747,142.4149,630.177,0.157544,1830,1.665388e-03,1,M_TILE=64;BM=56;WG=2;REG=168;STG=2;TILES=2;SUBS=2;PREPACK=1;PDL=1;EPI=1;SPLITK=0;PR=32;SPW=0;PLA=0;SISM=0,0
kimi_k3,7168,12288,64,64,6,splitk,ISO,177.2160,176.6720,506.638,0.126659,1830,1.665390e-03,1,M_TILE=64;BM=56;WG=2;REG=168;STG=2;TILES=2;SUBS=2;PREPACK=1;PDL=1;EPI=1;SPLITK=1;PR=32;SPW=0;PLA=0;SISM=0,1
kimi_k3,7168,12288,64,64,6,splitk,B2B,172.4028,172.1419,520.782,0.130196,1830,1.665390e-03,1,M_TILE=64;BM=56;WG=2;REG=168;STG=2;TILES=2;SUBS=2;PREPACK=1;PDL=1;EPI=1;SPLITK=1;PR=32;SPW=0;PLA=0;SISM=0,1
kimi_k3,7168,12288,64,64,6,splitk,PDL,154.9429,154.8007,579.467,0.144867,1830,1.665390e-03,1,M_TILE=64;BM=56;WG=2;REG=168;STG=2;TILES=2;SUBS=2;PREPACK=1;PDL=1;EPI=1;SPLITK=1;PR=32;SPW=0;PLA=0;SISM=0,1
qwen36,2048,4096,1,8,6,splitk,ISO,11.9360,11.7760,703.485,0.175871,1830,1.653887e-03,1,M_TILE=8;BM=32;WG=2;REG=80;STG=3;TILES=1;SUBS=2;PREPACK=1;PDL=1;EPI=1;SPLITK=0;PR=32;SPW=0;PLA=0;SISM=1,0
qwen36,2048,4096,1,8,6,splitk,B2B,7.6142,7.6039,1102.778,0.275695,1830,1.653887e-03,1,M_TILE=8;BM=32;WG=2;REG=80;STG=3;TILES=1;SUBS=2;PREPACK=1;PDL=1;EPI=1;SPLITK=0;PR=32;SPW=0;PLA=0;SISM=1,0
qwen36,2048,4096,1,8,6,splitk,PDL,4.5572,4.5106,1842.553,0.460638,1830,1.653887e-03,1,M_TILE=8;BM=32;WG=2;REG=80;STG=3;TILES=1;SUBS=2;PREPACK=1;PDL=1;EPI=1;SPLITK=0;PR=32;SPW=0;PLA=0;SISM=1,0
qwen36,2048,4096,1,8,6,splitk,ISO,12.8960,12.6720,651.117,0.162779,1830,1.653887e-03,1,M_TILE=8;BM=32;WG=2;REG=80;STG=3;TILES=1;SUBS=2;PREPACK=1;PDL=1;EPI=1;SPLITK=1;PR=32;SPW=0;PLA=0;SISM=1,1
qwen36,2048,4096,1,8,6,splitk,B2B,8.9348,8.9209,939.791,0.234948,1830,1.653887e-03,1,M_TILE=8;BM=32;WG=2;REG=80;STG=3;TILES=1;SUBS=2;PREPACK=1;PDL=1;EPI=1;SPLITK=1;PR=32;SPW=0;PLA=0;SISM=1,1
qwen36,2048,4096,1,8,6,splitk,PDL,5.2654,5.2423,1594.706,0.398676,1830,1.653887e-03,1,M_TILE=8;BM=32;WG=2;REG=80;STG=3;TILES=1;SUBS=2;PREPACK=1;PDL=1;EPI=1;SPLITK=1;PR=32;SPW=0;PLA=0;SISM=1,1
qwen36,2048,4096,8,8,6,splitk,ISO,12.6720,12.5760,667.152,0.166788,1830,1.677281e-03,1,M_TILE=8;BM=32;WG=2;REG=80;STG=3;TILES=1;SUBS=2;PREPACK=1;PDL=1;EPI=1;SPLITK=0;PR=32;SPW=0;PLA=0;SISM=1,0
qwen36,2048,4096,8,8,6,splitk,B2B,8.5799,8.5323,985.342,0.246335,1830,1.677281e-03,1,M_TILE=8;BM=32;WG=2;REG=80;STG=3;TILES=1;SUBS=2;PREPACK=1;PDL=1;EPI=1;SPLITK=0;PR=32;SPW=0;PLA=0;SISM=1,0
qwen36,2048,4096,8,8,6,splitk,PDL,4.9941,4.9899,1692.815,0.423204,1830,1.677281e-03,1,M_TILE=8;BM=32;WG=2;REG=80;STG=3;TILES=1;SUBS=2;PREPACK=1;PDL=1;EPI=1;SPLITK=0;PR=32;SPW=0;PLA=0;SISM=1,0
qwen36,2048,4096,8,8,6,splitk,ISO,14.6880,14.5600,575.582,0.143895,1830,1.677281e-03,1,M_TILE=8;BM=32;WG=2;REG=80;STG=3;TILES=1;SUBS=2;PREPACK=1;PDL=1;EPI=1;SPLITK=1;PR=32;SPW=0;PLA=0;SISM=1,1
qwen36,2048,4096,8,8,6,splitk,B2B,10.6866,10.6777,791.099,0.197775,1830,1.677281e-03,1,M_TILE=8;BM=32;WG=2;REG=80;STG=3;TILES=1;SUBS=2;PREPACK=1;PDL=1;EPI=1;SPLITK=1;PR=32;SPW=0;PLA=0;SISM=1,1
qwen36,2048,4096,8,8,6,splitk,PDL,6.4135,6.4107,1318.177,0.329544,1830,1.677281e-03,1,M_TILE=8;BM=32;WG=2;REG=80;STG=3;TILES=1;SUBS=2;PREPACK=1;PDL=1;EPI=1;SPLITK=1;PR=32;SPW=0;PLA=0;SISM=1,1
qwen36,2048,4096,64,64,6,splitk,ISO,57.3440,57.0560,155.429,0.038857,1830,1.671829e-03,1,M_TILE=64;BM=32;WG=2;REG=168;STG=2;TILES=2;SUBS=2;PREPACK=1;PDL=1;EPI=1;SPLITK=0;PR=32;SPW=0;PLA=0;SISM=0,0
qwen36,2048,4096,64,64,6,splitk,B2B,51.4969,51.4777,173.076,0.043269,1830,1.671829e-03,1,M_TILE=64;BM=32;WG=2;REG=168;STG=2;TILES=2;SUBS=2;PREPACK=1;PDL=1;EPI=1;SPLITK=0;PR=32;SPW=0;PLA=0;SISM=0,0
qwen36,2048,4096,64,64,6,splitk,PDL,42.1785,42.1326,211.314,0.052828,1830,1.671829e-03,1,M_TILE=64;BM=32;WG=2;REG=168;STG=2;TILES=2;SUBS=2;PREPACK=1;PDL=1;EPI=1;SPLITK=0;PR=32;SPW=0;PLA=0;SISM=0,0
qwen36,2048,4096,64,64,6,splitk,ISO,44.7040,44.4160,199.376,0.049844,1830,1.671825e-03,1,M_TILE=64;BM=32;WG=2;REG=168;STG=2;TILES=2;SUBS=2;PREPACK=1;PDL=1;EPI=1;SPLITK=1;PR=32;SPW=0;PLA=0;SISM=0,1
qwen36,2048,4096,64,64,6,splitk,B2B,38.6393,38.6254,230.669,0.057667,1830,1.671825e-03,1,M_TILE=64;BM=32;WG=2;REG=168;STG=2;TILES=2;SUBS=2;PREPACK=1;PDL=1;EPI=1;SPLITK=1;PR=32;SPW=0;PLA=0;SISM=0,1
qwen36,2048,4096,64,64,6,splitk,PDL,31.3266,31.2967,284.515,0.071129,1830,1.671825e-03,1,M_TILE=64;BM=32;WG=2;REG=168;STG=2;TILES=2;SUBS=2;PREPACK=1;PDL=1;EPI=1;SPLITK=1;PR=32;SPW=0;PLA=0;SISM=0,1
