model,N,K,M,dtype,protocol,latency_us_p50,bandwidth_gbps,pct_of_spec_peak,algo_desc,clocks_sm_mhz
kimi_k3,7168,12288,1,fp8,B2B,31.9193,2760.306,0.690077,algo_id=66;tile=256x8(486);stages=128xAUTO(36);splitk=2;red=COMPUTE_TYPE;cta_swz=0;custom=1;inner=UNDEFINED(0);cluster=4x1x1(4);ws=57360B;waves=0.36;heur=8;rank=7;searched=8;fast_accum=0,1830
kimi_k3,7168,12288,1,fp8,ISO,46.2400,1905.428,0.476357,algo_id=66;tile=256x8(486);stages=128xAUTO(36);splitk=2;red=COMPUTE_TYPE;cta_swz=0;custom=1;inner=UNDEFINED(0);cluster=4x1x1(4);ws=57360B;waves=0.36;heur=8;rank=7;searched=8;fast_accum=0,1830
kimi_k3,7168,12288,1,bf16,B2B,56.3527,3126.984,0.781746,algo_id=66;tile=384x8(537);stages=64xAUTO(35);splitk=4;red=COMPUTE_TYPE;cta_swz=0;custom=1;inner=UNDEFINED(0);cluster=1x1x1(2);ws=114704B;waves=0.24;heur=8;rank=2;searched=8;fast_accum=0,1830
kimi_k3,7168,12288,1,bf16,ISO,71.2320,2473.804,0.618451,algo_id=66;tile=384x8(537);stages=64xAUTO(35);splitk=4;red=COMPUTE_TYPE;cta_swz=0;custom=1;inner=UNDEFINED(0);cluster=1x1x1(2);ws=114704B;waves=0.24;heur=8;rank=2;searched=8;fast_accum=0,1830
kimi_k3,7168,12288,2,fp8,B2B,32.0857,2746.821,0.686705,algo_id=66;tile=256x8(486);stages=128xAUTO(36);splitk=2;red=COMPUTE_TYPE;cta_swz=0;custom=1;inner=UNDEFINED(0);cluster=4x1x1(4);ws=114704B;waves=0.36;heur=8;rank=7;searched=8;fast_accum=0,1830
kimi_k3,7168,12288,2,fp8,ISO,46.4960,1895.510,0.473877,algo_id=66;tile=256x8(486);stages=128xAUTO(36);splitk=2;red=COMPUTE_TYPE;cta_swz=0;custom=1;inner=UNDEFINED(0);cluster=4x1x1(4);ws=114704B;waves=0.36;heur=8;rank=7;searched=8;fast_accum=0,1830
kimi_k3,7168,12288,2,bf16,B2B,56.3897,3125.878,0.781469,algo_id=66;tile=384x8(537);stages=64xAUTO(35);splitk=4;red=COMPUTE_TYPE;cta_swz=0;custom=1;inner=UNDEFINED(0);cluster=1x1x1(2);ws=229392B;waves=0.24;heur=8;rank=2;searched=8;fast_accum=0,1830
kimi_k3,7168,12288,2,bf16,ISO,71.4880,2465.690,0.616423,algo_id=66;tile=384x8(537);stages=64xAUTO(35);splitk=4;red=COMPUTE_TYPE;cta_swz=0;custom=1;inner=UNDEFINED(0);cluster=1x1x1(2);ws=229392B;waves=0.24;heur=8;rank=2;searched=8;fast_accum=0,1830
kimi_k3,7168,12288,4,fp8,B2B,32.4171,2720.384,0.680096,algo_id=66;tile=256x8(486);stages=128xAUTO(36);splitk=2;red=COMPUTE_TYPE;cta_swz=0;custom=1;inner=UNDEFINED(0);cluster=4x1x1(4);ws=229392B;waves=0.36;heur=8;rank=7;searched=8;fast_accum=0,1830
kimi_k3,7168,12288,4,fp8,ISO,46.4960,1896.655,0.474164,algo_id=66;tile=256x8(486);stages=128xAUTO(36);splitk=2;red=COMPUTE_TYPE;cta_swz=0;custom=1;inner=UNDEFINED(0);cluster=4x1x1(4);ws=229392B;waves=0.36;heur=8;rank=7;searched=8;fast_accum=0,1830
kimi_k3,7168,12288,4,bf16,B2B,56.8871,3100.417,0.775104,algo_id=66;tile=384x8(537);stages=64xAUTO(35);splitk=4;red=COMPUTE_TYPE;cta_swz=0;custom=1;inner=UNDEFINED(0);cluster=1x1x1(2);ws=458768B;waves=0.24;heur=8;rank=2;searched=8;fast_accum=0,1830
kimi_k3,7168,12288,4,bf16,ISO,71.1360,2479.388,0.619847,algo_id=66;tile=384x8(537);stages=64xAUTO(35);splitk=4;red=COMPUTE_TYPE;cta_swz=0;custom=1;inner=UNDEFINED(0);cluster=1x1x1(2);ws=458768B;waves=0.24;heur=8;rank=2;searched=8;fast_accum=0,1830
kimi_k3,7168,12288,8,fp8,B2B,32.6542,2703.889,0.675972,algo_id=66;tile=256x8(486);stages=128xAUTO(36);splitk=2;red=COMPUTE_TYPE;cta_swz=0;custom=1;inner=UNDEFINED(0);cluster=4x1x1(4);ws=458768B;waves=0.36;heur=8;rank=7;searched=8;fast_accum=0,1830
kimi_k3,7168,12288,8,fp8,ISO,46.2720,1908.138,0.477035,algo_id=66;tile=256x8(486);stages=128xAUTO(36);splitk=2;red=COMPUTE_TYPE;cta_swz=0;custom=1;inner=UNDEFINED(0);cluster=4x1x1(4);ws=458768B;waves=0.36;heur=8;rank=7;searched=8;fast_accum=0,1830
kimi_k3,7168,12288,8,bf16,B2B,57.3522,3078.990,0.769747,algo_id=66;tile=384x8(537);stages=64xAUTO(35);splitk=4;red=COMPUTE_TYPE;cta_swz=0;custom=1;inner=UNDEFINED(0);cluster=1x1x1(2);ws=917520B;waves=0.24;heur=8;rank=2;searched=8;fast_accum=0,1830
kimi_k3,7168,12288,8,bf16,ISO,71.7440,2461.345,0.615336,algo_id=66;tile=384x8(537);stages=64xAUTO(35);splitk=4;red=COMPUTE_TYPE;cta_swz=0;custom=1;inner=UNDEFINED(0);cluster=1x1x1(2);ws=917520B;waves=0.24;heur=8;rank=2;searched=8;fast_accum=0,1830
kimi_k3,7168,12288,16,fp8,B2B,33.6064,2633.616,0.658404,algo_id=66;tile=256x16(487);stages=128xAUTO(36);splitk=2;red=COMPUTE_TYPE;cta_swz=0;custom=1;inner=UNDEFINED(0);cluster=4x1x1(4);ws=917520B;waves=0.36;heur=8;rank=7;searched=8;fast_accum=0,1830
kimi_k3,7168,12288,16,fp8,ISO,47.0400,1881.513,0.470378,algo_id=66;tile=256x16(487);stages=128xAUTO(36);splitk=2;red=COMPUTE_TYPE;cta_swz=0;custom=1;inner=UNDEFINED(0);cluster=4x1x1(4);ws=917520B;waves=0.36;heur=8;rank=7;searched=8;fast_accum=0,1830
kimi_k3,7168,12288,16,bf16,B2B,59.1915,2990.511,0.747628,algo_id=66;tile=64x16(312);stages=64xAUTO(35);splitk=2;red=COMPUTE_TYPE;cta_swz=0;custom=1;inner=UNDEFINED(0);cluster=2x1x1(3);ws=917524B;waves=1.44;heur=8;rank=4;searched=8;fast_accum=0,1830
kimi_k3,7168,12288,16,bf16,ISO,73.1520,2419.794,0.604948,algo_id=66;tile=64x16(312);stages=64xAUTO(35);splitk=2;red=COMPUTE_TYPE;cta_swz=0;custom=1;inner=UNDEFINED(0);cluster=2x1x1(3);ws=917524B;waves=1.44;heur=8;rank=4;searched=8;fast_accum=0,1830
kimi_k3,7168,12288,32,fp8,B2B,37.5815,2366.386,0.591596,algo_id=66;tile=320x32(517);stages=128xAUTO(36);splitk=3;red=COMPUTE_TYPE;cta_swz=0;custom=1;inner=UNDEFINED(0);cluster=2x1x1(3);ws=2752528B;waves=0.29;heur=8;rank=5;searched=8;fast_accum=0,1830
kimi_k3,7168,12288,32,fp8,ISO,50.3360,1766.774,0.441694,algo_id=66;tile=320x32(517);stages=128xAUTO(36);splitk=3;red=COMPUTE_TYPE;cta_swz=0;custom=1;inner=UNDEFINED(0);cluster=2x1x1(3);ws=2752528B;waves=0.29;heur=8;rank=5;searched=8;fast_accum=0,1830
kimi_k3,7168,12288,32,bf16,B2B,62.7040,2836.577,0.709144,algo_id=66;tile=320x32(517);stages=64xAUTO(35);splitk=3;red=COMPUTE_TYPE;cta_swz=0;custom=1;inner=UNDEFINED(0);cluster=2x1x1(3);ws=2752528B;waves=0.29;heur=8;rank=7;searched=8;fast_accum=0,1830
kimi_k3,7168,12288,32,bf16,ISO,76.4480,2326.610,0.581653,algo_id=66;tile=320x32(517);stages=64xAUTO(35);splitk=3;red=COMPUTE_TYPE;cta_swz=0;custom=1;inner=UNDEFINED(0);cluster=2x1x1(3);ws=2752528B;waves=0.29;heur=8;rank=7;searched=8;fast_accum=0,1830
kimi_k3,7168,12288,64,fp8,B2B,46.5358,1929.359,0.482340,algo_id=66;tile=96x64(27);stages=128xAUTO(36);splitk=1;red=NONE;cta_swz=0;custom=0;inner=UNDEFINED(0);cluster=2x1x1(3);ws=0B;waves=0.96;heur=8;rank=1;searched=8;fast_accum=0,1830
kimi_k3,7168,12288,64,fp8,ISO,52.5120,1709.787,0.427447,algo_id=66;tile=96x64(27);stages=128xAUTO(36);splitk=1;red=NONE;cta_swz=0;custom=0;inner=UNDEFINED(0);cluster=2x1x1(3);ws=0B;waves=0.96;heur=8;rank=1;searched=8;fast_accum=0,1830
kimi_k3,7168,12288,64,bf16,B2B,86.9874,2064.307,0.516077,algo_id=66;tile=96x64(27);stages=64xAUTO(35);splitk=1;red=NONE;cta_swz=0;custom=0;inner=UNDEFINED(0);cluster=2x1x1(3);ws=0B;waves=0.96;heur=8;rank=1;searched=8;fast_accum=0,1830
kimi_k3,7168,12288,64,bf16,ISO,93.4080,1922.412,0.480603,algo_id=66;tile=96x64(27);stages=64xAUTO(35);splitk=1;red=NONE;cta_swz=0;custom=0;inner=UNDEFINED(0);cluster=2x1x1(3);ws=0B;waves=0.96;heur=8;rank=1;searched=8;fast_accum=0,1830
kimi_k3,7168,12288,128,fp8,B2B,87.5168,1045.379,0.261345,algo_id=66;tile=96x64(27);stages=128xAUTO(36);splitk=1;red=NONE;cta_swz=0;custom=2;inner=UNDEFINED(0);cluster=1x2x1(5);ws=0B;waves=1.92;heur=8;rank=3;searched=8;fast_accum=0,1830
kimi_k3,7168,12288,128,fp8,ISO,93.0240,983.491,0.245873,algo_id=66;tile=96x64(27);stages=128xAUTO(36);splitk=1;red=NONE;cta_swz=0;custom=2;inner=UNDEFINED(0);cluster=1x2x1(5);ws=0B;waves=1.92;heur=8;rank=3;searched=8;fast_accum=0,1830
kimi_k3,7168,12288,128,bf16,B2B,168.2773,1087.351,0.271838,algo_id=66;tile=96x64(27);stages=64xAUTO(35);splitk=1;red=NONE;cta_swz=0;custom=2;inner=UNDEFINED(0);cluster=1x2x1(5);ws=0B;waves=1.92;heur=8;rank=7;searched=8;fast_accum=0,1830
kimi_k3,7168,12288,128,bf16,ISO,174.8480,1046.489,0.261622,algo_id=66;tile=96x64(27);stages=64xAUTO(35);splitk=1;red=NONE;cta_swz=0;custom=2;inner=UNDEFINED(0);cluster=1x2x1(5);ws=0B;waves=1.92;heur=8;rank=7;searched=8;fast_accum=0,1830
qwen36,2048,4096,1,fp8,B2B,6.7591,1242.294,0.310573,algo_id=66;tile=64x8(10);stages=128xAUTO(36);splitk=1;red=NONE;cta_swz=0;custom=1;inner=UNDEFINED(0);cluster=4x1x1(4);ws=0B;waves=0.41;heur=8;rank=1;searched=8;fast_accum=0,1830
qwen36,2048,4096,1,fp8,ISO,13.7280,611.655,0.152914,algo_id=66;tile=64x8(10);stages=128xAUTO(36);splitk=1;red=NONE;cta_swz=0;custom=1;inner=UNDEFINED(0);cluster=4x1x1(4);ws=0B;waves=0.41;heur=8;rank=1;searched=8;fast_accum=0,1830
qwen36,2048,4096,1,bf16,B2B,11.3557,1478.865,0.369716,algo_id=66;tile=128x8(393);stages=64xAUTO(35);splitk=3;red=COMPUTE_TYPE;cta_swz=0;custom=1;inner=UNDEFINED(0);cluster=4x1x1(4);ws=24592B;waves=0.21;heur=8;rank=2;searched=8;fast_accum=0,1830
qwen36,2048,4096,1,bf16,ISO,19.2960,870.315,0.217579,algo_id=66;tile=128x8(393);stages=64xAUTO(35);splitk=3;red=COMPUTE_TYPE;cta_swz=0;custom=1;inner=UNDEFINED(0);cluster=4x1x1(4);ws=24592B;waves=0.21;heur=8;rank=2;searched=8;fast_accum=0,1830
qwen36,2048,4096,2,fp8,B2B,6.6791,1258.400,0.314600,algo_id=66;tile=64x8(10);stages=128xAUTO(36);splitk=1;red=NONE;cta_swz=0;custom=1;inner=UNDEFINED(0);cluster=4x1x1(4);ws=0B;waves=0.41;heur=8;rank=1;searched=8;fast_accum=0,1830
qwen36,2048,4096,2,fp8,ISO,13.6640,615.119,0.153780,algo_id=66;tile=64x8(10);stages=128xAUTO(36);splitk=1;red=NONE;cta_swz=0;custom=1;inner=UNDEFINED(0);cluster=4x1x1(4);ws=0B;waves=0.41;heur=8;rank=1;searched=8;fast_accum=0,1830
qwen36,2048,4096,2,bf16,B2B,11.4734,1465.124,0.366281,algo_id=66;tile=128x8(393);stages=64xAUTO(35);splitk=3;red=COMPUTE_TYPE;cta_swz=0;custom=1;inner=UNDEFINED(0);cluster=4x1x1(4);ws=49168B;waves=0.21;heur=8;rank=2;searched=8;fast_accum=0,1830
qwen36,2048,4096,2,bf16,ISO,19.5840,858.353,0.214588,algo_id=66;tile=128x8(393);stages=64xAUTO(35);splitk=3;red=COMPUTE_TYPE;cta_swz=0;custom=1;inner=UNDEFINED(0);cluster=4x1x1(4);ws=49168B;waves=0.21;heur=8;rank=2;searched=8;fast_accum=0,1830
qwen36,2048,4096,4,fp8,B2B,6.6379,1268.687,0.317172,algo_id=66;tile=64x8(10);stages=128xAUTO(36);splitk=1;red=NONE;cta_swz=0;custom=1;inner=UNDEFINED(0);cluster=4x1x1(4);ws=0B;waves=0.41;heur=8;rank=1;searched=8;fast_accum=0,1830
qwen36,2048,4096,4,fp8,ISO,13.7600,612.019,0.153005,algo_id=66;tile=64x8(10);stages=128xAUTO(36);splitk=1;red=NONE;cta_swz=0;custom=1;inner=UNDEFINED(0);cluster=4x1x1(4);ws=0B;waves=0.41;heur=8;rank=1;searched=8;fast_accum=0,1830
qwen36,2048,4096,4,bf16,B2B,11.3710,1481.200,0.370300,algo_id=66;tile=64x8(10);stages=64xAUTO(35);splitk=2;red=COMPUTE_TYPE;cta_swz=0;custom=1;inner=UNDEFINED(0);cluster=2x1x1(3);ws=65552B;waves=0.41;heur=8;rank=1;searched=8;fast_accum=0,1830
qwen36,2048,4096,4,bf16,ISO,19.0720,883.114,0.220779,algo_id=66;tile=64x8(10);stages=64xAUTO(35);splitk=2;red=COMPUTE_TYPE;cta_swz=0;custom=1;inner=UNDEFINED(0);cluster=2x1x1(3);ws=65552B;waves=0.41;heur=8;rank=1;searched=8;fast_accum=0,1830
qwen36,2048,4096,8,fp8,B2B,6.8725,1230.135,0.307534,algo_id=66;tile=64x8(10);stages=128xAUTO(36);splitk=1;red=NONE;cta_swz=0;custom=1;inner=UNDEFINED(0);cluster=4x1x1(4);ws=0B;waves=0.41;heur=8;rank=1;searched=8;fast_accum=0,1830
qwen36,2048,4096,8,fp8,ISO,13.6000,621.628,0.155407,algo_id=66;tile=64x8(10);stages=128xAUTO(36);splitk=1;red=NONE;cta_swz=0;custom=1;inner=UNDEFINED(0);cluster=4x1x1(4);ws=0B;waves=0.41;heur=8;rank=1;searched=8;fast_accum=0,1830
qwen36,2048,4096,8,bf16,B2B,11.4567,1475.841,0.368960,algo_id=66;tile=64x8(10);stages=64xAUTO(35);splitk=2;red=COMPUTE_TYPE;cta_swz=0;custom=1;inner=UNDEFINED(0);cluster=2x1x1(3);ws=131088B;waves=0.41;heur=8;rank=1;searched=8;fast_accum=0,1830
qwen36,2048,4096,8,bf16,ISO,19.2000,880.640,0.220160,algo_id=66;tile=64x8(10);stages=64xAUTO(35);splitk=2;red=COMPUTE_TYPE;cta_swz=0;custom=1;inner=UNDEFINED(0);cluster=2x1x1(3);ws=131088B;waves=0.41;heur=8;rank=1;searched=8;fast_accum=0,1830
qwen36,2048,4096,16,fp8,B2B,6.7534,1261.535,0.315384,algo_id=66;tile=64x8(10);stages=128xAUTO(36);splitk=1;red=NONE;cta_swz=0;custom=3;inner=UNDEFINED(0);cluster=1x2x1(5);ws=0B;waves=0.82;heur=8;rank=1;searched=8;fast_accum=0,1830
qwen36,2048,4096,16,fp8,ISO,13.8240,616.296,0.154074,algo_id=66;tile=64x8(10);stages=128xAUTO(36);splitk=1;red=NONE;cta_swz=0;custom=3;inner=UNDEFINED(0);cluster=1x2x1(5);ws=0B;waves=0.82;heur=8;rank=1;searched=8;fast_accum=0,1830
qwen36,2048,4096,16,bf16,B2B,11.5004,1481.626,0.370407,algo_id=66;tile=64x16(312);stages=64xAUTO(35);splitk=2;red=COMPUTE_TYPE;cta_swz=0;custom=1;inner=UNDEFINED(0);cluster=2x1x1(3);ws=262160B;waves=0.41;heur=8;rank=1;searched=8;fast_accum=0,1830
qwen36,2048,4096,16,bf16,ISO,19.2960,883.051,0.220763,algo_id=66;tile=64x16(312);stages=64xAUTO(35);splitk=2;red=COMPUTE_TYPE;cta_swz=0;custom=1;inner=UNDEFINED(0);cluster=2x1x1(3);ws=262160B;waves=0.41;heur=8;rank=1;searched=8;fast_accum=0,1830
qwen36,2048,4096,32,fp8,B2B,7.4613,1159.411,0.289853,algo_id=66;tile=64x16(312);stages=128xAUTO(36);splitk=1;red=NONE;cta_swz=0;custom=3;inner=UNDEFINED(0);cluster=1x2x1(5);ws=0B;waves=0.82;heur=8;rank=1;searched=8;fast_accum=0,1830
qwen36,2048,4096,32,fp8,ISO,14.1760,610.239,0.152560,algo_id=66;tile=64x16(312);stages=128xAUTO(36);splitk=1;red=NONE;cta_swz=0;custom=3;inner=UNDEFINED(0);cluster=1x2x1(5);ws=0B;waves=0.82;heur=8;rank=1;searched=8;fast_accum=0,1830
qwen36,2048,4096,32,bf16,B2B,12.4910,1385.115,0.346279,algo_id=66;tile=64x32(13);stages=64xAUTO(35);splitk=2;red=COMPUTE_TYPE;cta_swz=0;custom=1;inner=UNDEFINED(0);cluster=2x1x1(3);ws=524304B;waves=0.41;heur=8;rank=1;searched=8;fast_accum=0,1830
qwen36,2048,4096,32,bf16,ISO,20.4800,844.800,0.211200,algo_id=66;tile=64x32(13);stages=64xAUTO(35);splitk=2;red=COMPUTE_TYPE;cta_swz=0;custom=1;inner=UNDEFINED(0);cluster=2x1x1(3);ws=524304B;waves=0.41;heur=8;rank=1;searched=8;fast_accum=0,1830
qwen36,2048,4096,64,fp8,B2B,9.3440,953.863,0.238466,algo_id=66;tile=128x16(394);stages=128xAUTO(36);splitk=1;red=NONE;cta_swz=0;custom=3;inner=UNDEFINED(0);cluster=1x2x1(5);ws=0B;waves=0.82;heur=8;rank=5;searched=8;fast_accum=0,1830
qwen36,2048,4096,64,fp8,ISO,15.7440,566.114,0.141528,algo_id=66;tile=128x16(394);stages=128xAUTO(36);splitk=1;red=NONE;cta_swz=0;custom=3;inner=UNDEFINED(0);cluster=1x2x1(5);ws=0B;waves=0.82;heur=8;rank=5;searched=8;fast_accum=0,1830
qwen36,2048,4096,64,bf16,B2B,13.4610,1324.257,0.331064,algo_id=66;tile=32x64(12);stages=64xAUTO(35);splitk=1;red=NONE;cta_swz=0;custom=0;inner=UNDEFINED(0);cluster=2x1x1(3);ws=0B;waves=0.82;heur=8;rank=5;searched=8;fast_accum=0,1830
qwen36,2048,4096,64,bf16,ISO,20.1920,882.815,0.220704,algo_id=66;tile=32x64(12);stages=64xAUTO(35);splitk=1;red=NONE;cta_swz=0;custom=0;inner=UNDEFINED(0);cluster=2x1x1(3);ws=0B;waves=0.82;heur=8;rank=5;searched=8;fast_accum=0,1830
qwen36,2048,4096,128,fp8,B2B,12.8644,733.592,0.183398,algo_id=66;tile=56x64(104);stages=128xAUTO(36);splitk=1;red=NONE;cta_swz=0;custom=0;inner=UNDEFINED(0);cluster=2x1x1(3);ws=0B;waves=0.95;heur=8;rank=1;searched=8;fast_accum=0,1830
qwen36,2048,4096,128,fp8,ISO,19.2640,489.887,0.122472,algo_id=66;tile=56x64(104);stages=128xAUTO(36);splitk=1;red=NONE;cta_swz=0;custom=0;inner=UNDEFINED(0);cluster=2x1x1(3);ws=0B;waves=0.95;heur=8;rank=1;searched=8;fast_accum=0,1830
qwen36,2048,4096,128,bf16,B2B,22.6421,833.595,0.208399,algo_id=66;tile=64x64(15);stages=64xAUTO(35);splitk=1;red=NONE;cta_swz=0;custom=3;inner=UNDEFINED(0);cluster=1x2x1(5);ws=0B;waves=0.82;heur=8;rank=2;searched=8;fast_accum=0,1830
qwen36,2048,4096,128,bf16,ISO,28.9280,652.460,0.163115,algo_id=66;tile=64x64(15);stages=64xAUTO(35);splitk=1;red=NONE;cta_swz=0;custom=3;inner=UNDEFINED(0);cluster=1x2x1(5);ws=0B;waves=0.82;heur=8;rank=2;searched=8;fast_accum=0,1830
glm52,6144,16384,1,fp8,B2B,35.9111,2803.922,0.700981,algo_id=66;tile=320x8(514);stages=128xAUTO(36);splitk=3;red=COMPUTE_TYPE;cta_swz=0;custom=1;inner=UNDEFINED(0);cluster=4x1x1(4);ws=73744B;waves=0.26;heur=8;rank=8;searched=8;fast_accum=0,1830
glm52,6144,16384,1,fp8,ISO,50.3360,2000.397,0.500099,algo_id=66;tile=320x8(514);stages=128xAUTO(36);splitk=3;red=COMPUTE_TYPE;cta_swz=0;custom=1;inner=UNDEFINED(0);cluster=4x1x1(4);ws=73744B;waves=0.26;heur=8;rank=8;searched=8;fast_accum=0,1830
glm52,6144,16384,1,bf16,B2B,61.9666,3249.880,0.812470,algo_id=66;tile=64x8(10);stages=64xAUTO(35);splitk=4;red=COMPUTE_TYPE;cta_swz=0;custom=1;inner=UNDEFINED(0);cluster=2x1x1(3);ws=98324B;waves=1.23;heur=8;rank=1;searched=8;fast_accum=0,1830
glm52,6144,16384,1,bf16,ISO,78.6880,2559.271,0.639818,algo_id=66;tile=64x8(10);stages=64xAUTO(35);splitk=4;red=COMPUTE_TYPE;cta_swz=0;custom=1;inner=UNDEFINED(0);cluster=2x1x1(3);ws=98324B;waves=1.23;heur=8;rank=1;searched=8;fast_accum=0,1830
glm52,6144,16384,2,fp8,B2B,36.0711,2792.280,0.698070,algo_id=66;tile=320x8(514);stages=128xAUTO(36);splitk=3;red=COMPUTE_TYPE;cta_swz=0;custom=1;inner=UNDEFINED(0);cluster=4x1x1(4);ws=147472B;waves=0.26;heur=8;rank=8;searched=8;fast_accum=0,1830
glm52,6144,16384,2,fp8,ISO,50.5280,1993.363,0.498341,algo_id=66;tile=320x8(514);stages=128xAUTO(36);splitk=3;red=COMPUTE_TYPE;cta_swz=0;custom=1;inner=UNDEFINED(0);cluster=4x1x1(4);ws=147472B;waves=0.26;heur=8;rank=8;searched=8;fast_accum=0,1830
glm52,6144,16384,2,bf16,B2B,62.4153,3227.435,0.806859,algo_id=66;tile=64x8(10);stages=64xAUTO(35);splitk=4;red=COMPUTE_TYPE;cta_swz=0;custom=1;inner=UNDEFINED(0);cluster=2x1x1(3);ws=196628B;waves=1.23;heur=8;rank=1;searched=8;fast_accum=0,1830
glm52,6144,16384,2,bf16,ISO,79.0400,2548.599,0.637150,algo_id=66;tile=64x8(10);stages=64xAUTO(35);splitk=4;red=COMPUTE_TYPE;cta_swz=0;custom=1;inner=UNDEFINED(0);cluster=2x1x1(3);ws=196628B;waves=1.23;heur=8;rank=1;searched=8;fast_accum=0,1830
glm52,6144,16384,4,fp8,B2B,36.3467,2772.689,0.693172,algo_id=66;tile=320x8(514);stages=128xAUTO(36);splitk=3;red=COMPUTE_TYPE;cta_swz=0;custom=1;inner=UNDEFINED(0);cluster=4x1x1(4);ws=294928B;waves=0.26;heur=8;rank=8;searched=8;fast_accum=0,1830
glm52,6144,16384,4,fp8,ISO,50.4000,1999.563,0.499891,algo_id=66;tile=320x8(514);stages=128xAUTO(36);splitk=3;red=COMPUTE_TYPE;cta_swz=0;custom=1;inner=UNDEFINED(0);cluster=4x1x1(4);ws=294928B;waves=0.26;heur=8;rank=8;searched=8;fast_accum=0,1830
glm52,6144,16384,4,bf16,B2B,62.6695,3216.173,0.804043,algo_id=66;tile=64x8(10);stages=64xAUTO(35);splitk=4;red=COMPUTE_TYPE;cta_swz=0;custom=1;inner=UNDEFINED(0);cluster=2x1x1(3);ws=393236B;waves=1.23;heur=8;rank=1;searched=8;fast_accum=0,1830
glm52,6144,16384,4,bf16,ISO,79.1680,2545.927,0.636482,algo_id=66;tile=64x8(10);stages=64xAUTO(35);splitk=4;red=COMPUTE_TYPE;cta_swz=0;custom=1;inner=UNDEFINED(0);cluster=2x1x1(3);ws=393236B;waves=1.23;heur=8;rank=1;searched=8;fast_accum=0,1830
glm52,6144,16384,8,fp8,B2B,36.5756,2758.466,0.689617,algo_id=66;tile=320x8(514);stages=128xAUTO(36);splitk=3;red=COMPUTE_TYPE;cta_swz=0;custom=1;inner=UNDEFINED(0);cluster=4x1x1(4);ws=589840B;waves=0.26;heur=8;rank=8;searched=8;fast_accum=0,1830
glm52,6144,16384,8,fp8,ISO,50.6880,1990.465,0.497616,algo_id=66;tile=320x8(514);stages=128xAUTO(36);splitk=3;red=COMPUTE_TYPE;cta_swz=0;custom=1;inner=UNDEFINED(0);cluster=4x1x1(4);ws=589840B;waves=0.26;heur=8;rank=8;searched=8;fast_accum=0,1830
glm52,6144,16384,8,bf16,B2B,63.6882,3168.333,0.792083,algo_id=66;tile=64x8(10);stages=64xAUTO(35);splitk=4;red=COMPUTE_TYPE;cta_swz=0;custom=1;inner=UNDEFINED(0);cluster=2x1x1(3);ws=786452B;waves=1.23;heur=8;rank=2;searched=8;fast_accum=0,1830
glm52,6144,16384,8,bf16,ISO,79.5200,2537.542,0.634385,algo_id=66;tile=64x8(10);stages=64xAUTO(35);splitk=4;red=COMPUTE_TYPE;cta_swz=0;custom=1;inner=UNDEFINED(0);cluster=2x1x1(3);ws=786452B;waves=1.23;heur=8;rank=2;searched=8;fast_accum=0,1830
glm52,6144,16384,16,fp8,B2B,37.8108,2674.419,0.668605,algo_id=66;tile=320x16(515);stages=128xAUTO(36);splitk=3;red=COMPUTE_TYPE;cta_swz=0;custom=1;inner=UNDEFINED(0);cluster=4x1x1(4);ws=1179664B;waves=0.26;heur=8;rank=8;searched=8;fast_accum=0,1830
glm52,6144,16384,16,fp8,ISO,51.6800,1956.696,0.489174,algo_id=66;tile=320x16(515);stages=128xAUTO(36);splitk=3;red=COMPUTE_TYPE;cta_swz=0;custom=1;inner=UNDEFINED(0);cluster=4x1x1(4);ws=1179664B;waves=0.26;heur=8;rank=8;searched=8;fast_accum=0,1830
glm52,6144,16384,16,bf16,B2B,64.9244,3115.068,0.778767,algo_id=66;tile=64x16(312);stages=64xAUTO(35);splitk=4;red=COMPUTE_TYPE;cta_swz=0;custom=1;inner=UNDEFINED(0);cluster=2x1x1(3);ws=1572884B;waves=1.23;heur=8;rank=4;searched=8;fast_accum=0,1830
glm52,6144,16384,16,bf16,ISO,80.3520,2516.976,0.629244,algo_id=66;tile=64x16(312);stages=64xAUTO(35);splitk=4;red=COMPUTE_TYPE;cta_swz=0;custom=1;inner=UNDEFINED(0);cluster=2x1x1(3);ws=1572884B;waves=1.23;heur=8;rank=4;searched=8;fast_accum=0,1830
glm52,6144,16384,32,fp8,B2B,41.5015,2447.641,0.611910,algo_id=66;tile=384x32(540);stages=128xAUTO(36);splitk=4;red=COMPUTE_TYPE;cta_swz=0;custom=5;inner=UNDEFINED(0);cluster=2x1x1(3);ws=3145744B;waves=0.21;heur=8;rank=7;searched=8;fast_accum=0,1830
glm52,6144,16384,32,fp8,ISO,55.1680,1841.299,0.460325,algo_id=66;tile=384x32(540);stages=128xAUTO(36);splitk=4;red=COMPUTE_TYPE;cta_swz=0;custom=5;inner=UNDEFINED(0);cluster=2x1x1(3);ws=3145744B;waves=0.21;heur=8;rank=7;searched=8;fast_accum=0,1830
glm52,6144,16384,32,bf16,B2B,67.9666,2989.140,0.747285,algo_id=66;tile=256x32(35);stages=64xAUTO(35);splitk=3;red=COMPUTE_TYPE;cta_swz=0;custom=1;inner=UNDEFINED(0);cluster=2x1x1(3);ws=2359312B;waves=0.31;heur=8;rank=1;searched=8;fast_accum=0,1830
glm52,6144,16384,32,bf16,ISO,83.1040,2444.667,0.611167,algo_id=66;tile=256x32(35);stages=64xAUTO(35);splitk=3;red=COMPUTE_TYPE;cta_swz=0;custom=1;inner=UNDEFINED(0);cluster=2x1x1(3);ws=2359312B;waves=0.31;heur=8;rank=1;searched=8;fast_accum=0,1830
glm52,6144,16384,64,fp8,B2B,51.1929,2002.198,0.500550,algo_id=66;tile=80x64(134);stages=128xAUTO(36);splitk=1;red=NONE;cta_swz=0;custom=0;inner=UNDEFINED(0);cluster=2x1x1(3);ws=0B;waves=0.99;heur=8;rank=1;searched=8;fast_accum=0,1830
glm52,6144,16384,64,fp8,ISO,57.9200,1769.653,0.442413,algo_id=66;tile=80x64(134);stages=128xAUTO(36);splitk=1;red=NONE;cta_swz=0;custom=0;inner=UNDEFINED(0);cluster=2x1x1(3);ws=0B;waves=0.99;heur=8;rank=1;searched=8;fast_accum=0,1830
glm52,6144,16384,64,bf16,B2B,96.1013,2133.130,0.533282,algo_id=66;tile=80x64(134);stages=64xAUTO(35);splitk=1;red=NONE;cta_swz=0;custom=0;inner=UNDEFINED(0);cluster=2x1x1(3);ws=0B;waves=0.99;heur=8;rank=1;searched=8;fast_accum=0,1830
glm52,6144,16384,64,bf16,ISO,102.7200,1995.683,0.498921,algo_id=66;tile=80x64(134);stages=64xAUTO(35);splitk=1;red=NONE;cta_swz=0;custom=0;inner=UNDEFINED(0);cluster=2x1x1(3);ws=0B;waves=0.99;heur=8;rank=1;searched=8;fast_accum=0,1830
glm52,6144,16384,128,fp8,B2B,96.7164,1078.755,0.269689,algo_id=66;tile=80x128(135);stages=128xAUTO(36);splitk=1;red=NONE;cta_swz=0;custom=0;inner=UNDEFINED(0);cluster=2x1x1(3);ws=0B;waves=0.99;heur=8;rank=1;searched=8;fast_accum=0,1830
glm52,6144,16384,128,fp8,ISO,102.9440,1013.496,0.253374,algo_id=66;tile=80x128(135);stages=128xAUTO(36);splitk=1;red=NONE;cta_swz=0;custom=0;inner=UNDEFINED(0);cluster=2x1x1(3);ws=0B;waves=0.99;heur=8;rank=1;searched=8;fast_accum=0,1830
glm52,6144,16384,128,bf16,B2B,186.7538,1117.335,0.279334,algo_id=66;tile=80x128(135);stages=64xAUTO(35);splitk=1;red=NONE;cta_swz=0;custom=0;inner=UNDEFINED(0);cluster=2x1x1(3);ws=0B;waves=0.99;heur=8;rank=1;searched=8;fast_accum=0,1830
glm52,6144,16384,128,bf16,ISO,193.6640,1077.467,0.269367,algo_id=66;tile=80x128(135);stages=64xAUTO(35);splitk=1;red=NONE;cta_swz=0;custom=0;inner=UNDEFINED(0);cluster=2x1x1(3);ws=0B;waves=0.99;heur=8;rank=1;searched=8;fast_accum=0,1830
deepseek_v4_pro,7168,16384,1,fp8,B2B,41.1705,2853.287,0.713322,algo_id=66;tile=384x8(537);stages=128xAUTO(36);splitk=4;red=COMPUTE_TYPE;cta_swz=0;custom=1;inner=UNDEFINED(0);cluster=1x1x1(2);ws=114704B;waves=0.24;heur=8;rank=2;searched=8;fast_accum=0,1830
deepseek_v4_pro,7168,16384,1,fp8,ISO,55.7120,2108.545,0.527136,algo_id=66;tile=384x8(537);stages=128xAUTO(36);splitk=4;red=COMPUTE_TYPE;cta_swz=0;custom=1;inner=UNDEFINED(0);cluster=1x1x1(2);ws=114704B;waves=0.24;heur=8;rank=2;searched=8;fast_accum=0,1830
deepseek_v4_pro,7168,16384,1,bf16,B2B,72.6265,3234.942,0.808735,algo_id=66;tile=384x8(537);stages=64xAUTO(35);splitk=4;red=COMPUTE_TYPE;cta_swz=0;custom=1;inner=UNDEFINED(0);cluster=1x1x1(2);ws=114704B;waves=0.24;heur=8;rank=2;searched=8;fast_accum=0,1830
deepseek_v4_pro,7168,16384,1,bf16,ISO,88.8320,2644.795,0.661199,algo_id=66;tile=384x8(537);stages=64xAUTO(35);splitk=4;red=COMPUTE_TYPE;cta_swz=0;custom=1;inner=UNDEFINED(0);cluster=1x1x1(2);ws=114704B;waves=0.24;heur=8;rank=2;searched=8;fast_accum=0,1830
deepseek_v4_pro,7168,16384,2,fp8,B2B,41.2836,2846.217,0.711554,algo_id=66;tile=384x8(537);stages=128xAUTO(36);splitk=4;red=COMPUTE_TYPE;cta_swz=0;custom=1;inner=UNDEFINED(0);cluster=1x1x1(2);ws=229392B;waves=0.24;heur=8;rank=2;searched=8;fast_accum=0,1830
deepseek_v4_pro,7168,16384,2,fp8,ISO,56.0000,2098.249,0.524562,algo_id=66;tile=384x8(537);stages=128xAUTO(36);splitk=4;red=COMPUTE_TYPE;cta_swz=0;custom=1;inner=UNDEFINED(0);cluster=1x1x1(2);ws=229392B;waves=0.24;heur=8;rank=2;searched=8;fast_accum=0,1830
deepseek_v4_pro,7168,16384,2,bf16,B2B,72.7172,3231.753,0.807938,algo_id=66;tile=64x8(10);stages=64xAUTO(35);splitk=9;red=COMPUTE_TYPE;cta_swz=0;custom=1;inner=UNDEFINED(0);cluster=2x1x1(3);ws=516116B;waves=1.44;heur=8;rank=6;searched=8;fast_accum=0,1830
deepseek_v4_pro,7168,16384,2,bf16,ISO,89.2160,2634.100,0.658525,algo_id=66;tile=64x8(10);stages=64xAUTO(35);splitk=9;red=COMPUTE_TYPE;cta_swz=0;custom=1;inner=UNDEFINED(0);cluster=2x1x1(3);ws=516116B;waves=1.44;heur=8;rank=6;searched=8;fast_accum=0,1830
deepseek_v4_pro,7168,16384,4,fp8,B2B,41.6203,2824.667,0.706167,algo_id=66;tile=384x8(537);stages=128xAUTO(36);splitk=4;red=COMPUTE_TYPE;cta_swz=0;custom=1;inner=UNDEFINED(0);cluster=1x1x1(2);ws=458768B;waves=0.24;heur=8;rank=2;searched=8;fast_accum=0,1830
deepseek_v4_pro,7168,16384,4,fp8,ISO,56.0320,2098.147,0.524537,algo_id=66;tile=384x8(537);stages=128xAUTO(36);splitk=4;red=COMPUTE_TYPE;cta_swz=0;custom=1;inner=UNDEFINED(0);cluster=1x1x1(2);ws=458768B;waves=0.24;heur=8;rank=2;searched=8;fast_accum=0,1830
deepseek_v4_pro,7168,16384,4,bf16,B2B,73.2519,3209.838,0.802460,algo_id=66;tile=384x8(537);stages=64xAUTO(35);splitk=4;red=COMPUTE_TYPE;cta_swz=0;custom=1;inner=UNDEFINED(0);cluster=1x1x1(2);ws=458768B;waves=0.24;heur=8;rank=2;searched=8;fast_accum=0,1830
deepseek_v4_pro,7168,16384,4,bf16,ISO,89.3120,2632.645,0.658161,algo_id=66;tile=384x8(537);stages=64xAUTO(35);splitk=4;red=COMPUTE_TYPE;cta_swz=0;custom=1;inner=UNDEFINED(0);cluster=1x1x1(2);ws=458768B;waves=0.24;heur=8;rank=2;searched=8;fast_accum=0,1830
deepseek_v4_pro,7168,16384,8,fp8,B2B,42.1365,2792.975,0.698244,algo_id=66;tile=384x8(537);stages=128xAUTO(36);splitk=4;red=COMPUTE_TYPE;cta_swz=0;custom=1;inner=UNDEFINED(0);cluster=1x1x1(2);ws=917520B;waves=0.24;heur=8;rank=2;searched=8;fast_accum=0,1830
deepseek_v4_pro,7168,16384,8,fp8,ISO,56.0000,2101.541,0.525385,algo_id=66;tile=384x8(537);stages=128xAUTO(36);splitk=4;red=COMPUTE_TYPE;cta_swz=0;custom=1;inner=UNDEFINED(0);cluster=1x1x1(2);ws=917520B;waves=0.24;heur=8;rank=2;searched=8;fast_accum=0,1830
deepseek_v4_pro,7168,16384,8,bf16,B2B,72.4267,3249.805,0.812451,algo_id=66;tile=64x8(10);stages=64xAUTO(35);splitk=2;red=COMPUTE_TYPE;cta_swz=0;custom=1;inner=UNDEFINED(0);cluster=2x1x1(3);ws=458772B;waves=1.44;heur=8;rank=6;searched=8;fast_accum=0,1830
deepseek_v4_pro,7168,16384,8,bf16,ISO,88.9280,2646.777,0.661694,algo_id=66;tile=64x8(10);stages=64xAUTO(35);splitk=2;red=COMPUTE_TYPE;cta_swz=0;custom=1;inner=UNDEFINED(0);cluster=2x1x1(3);ws=458772B;waves=1.44;heur=8;rank=6;searched=8;fast_accum=0,1830
deepseek_v4_pro,7168,16384,16,fp8,B2B,43.4094,2716.738,0.679185,algo_id=66;tile=448x16(557);stages=128xAUTO(36);splitk=4;red=COMPUTE_TYPE;cta_swz=0;custom=1;inner=UNDEFINED(0);cluster=2x1x1(3);ws=1835024B;waves=0.21;heur=8;rank=8;searched=8;fast_accum=0,1830
deepseek_v4_pro,7168,16384,16,fp8,ISO,57.3120,2057.720,0.514430,algo_id=66;tile=448x16(557);stages=128xAUTO(36);splitk=4;red=COMPUTE_TYPE;cta_swz=0;custom=1;inner=UNDEFINED(0);cluster=2x1x1(3);ws=1835024B;waves=0.21;heur=8;rank=8;searched=8;fast_accum=0,1830
deepseek_v4_pro,7168,16384,16,bf16,B2B,73.5218,3208.084,0.802021,algo_id=66;tile=64x16(312);stages=64xAUTO(35);splitk=2;red=COMPUTE_TYPE;cta_swz=0;custom=1;inner=UNDEFINED(0);cluster=2x1x1(3);ws=917524B;waves=1.44;heur=8;rank=6;searched=8;fast_accum=0,1830
deepseek_v4_pro,7168,16384,16,bf16,ISO,89.9840,2621.178,0.655294,algo_id=66;tile=64x16(312);stages=64xAUTO(35);splitk=2;red=COMPUTE_TYPE;cta_swz=0;custom=1;inner=UNDEFINED(0);cluster=2x1x1(3);ws=917524B;waves=1.44;heur=8;rank=6;searched=8;fast_accum=0,1830
deepseek_v4_pro,7168,16384,32,fp8,B2B,47.1922,2509.390,0.627347,algo_id=66;tile=320x32(517);stages=128xAUTO(36);splitk=3;red=COMPUTE_TYPE;cta_swz=0;custom=1;inner=UNDEFINED(0);cluster=2x1x1(3);ws=2752528B;waves=0.29;heur=8;rank=5;searched=8;fast_accum=0,1830
deepseek_v4_pro,7168,16384,32,fp8,ISO,60.7680,1948.781,0.487195,algo_id=66;tile=320x32(517);stages=128xAUTO(36);splitk=3;red=COMPUTE_TYPE;cta_swz=0;custom=1;inner=UNDEFINED(0);cluster=2x1x1(3);ws=2752528B;waves=0.29;heur=8;rank=5;searched=8;fast_accum=0,1830
deepseek_v4_pro,7168,16384,32,bf16,B2B,78.6108,3012.906,0.753227,algo_id=66;tile=64x32(13);stages=64xAUTO(35);splitk=2;red=COMPUTE_TYPE;cta_swz=0;custom=1;inner=UNDEFINED(0);cluster=2x1x1(3);ws=1835028B;waves=1.44;heur=8;rank=6;searched=8;fast_accum=0,1830
deepseek_v4_pro,7168,16384,32,bf16,ISO,96.0960,2464.693,0.616173,algo_id=66;tile=64x32(13);stages=64xAUTO(35);splitk=2;red=COMPUTE_TYPE;cta_swz=0;custom=1;inner=UNDEFINED(0);cluster=2x1x1(3);ws=1835028B;waves=1.44;heur=8;rank=6;searched=8;fast_accum=0,1830
deepseek_v4_pro,7168,16384,64,fp8,B2B,60.1131,1986.367,0.496592,algo_id=66;tile=96x64(27);stages=128xAUTO(36);splitk=1;red=NONE;cta_swz=0;custom=0;inner=UNDEFINED(0);cluster=2x1x1(3);ws=0B;waves=0.96;heur=8;rank=1;searched=8;fast_accum=0,1830
deepseek_v4_pro,7168,16384,64,fp8,ISO,66.9440,1783.679,0.445920,algo_id=66;tile=96x64(27);stages=128xAUTO(36);splitk=1;red=NONE;cta_swz=0;custom=0;inner=UNDEFINED(0);cluster=2x1x1(3);ws=0B;waves=0.96;heur=8;rank=1;searched=8;fast_accum=0,1830
deepseek_v4_pro,7168,16384,64,bf16,B2B,113.9129,2096.454,0.524114,algo_id=66;tile=96x64(27);stages=64xAUTO(35);splitk=1;red=NONE;cta_swz=0;custom=0;inner=UNDEFINED(0);cluster=2x1x1(3);ws=0B;waves=0.96;heur=8;rank=2;searched=8;fast_accum=0,1830
deepseek_v4_pro,7168,16384,64,bf16,ISO,121.0240,1973.271,0.493318,algo_id=66;tile=96x64(27);stages=64xAUTO(35);splitk=1;red=NONE;cta_swz=0;custom=0;inner=UNDEFINED(0);cluster=2x1x1(3);ws=0B;waves=0.96;heur=8;rank=2;searched=8;fast_accum=0,1830
deepseek_v4_pro,7168,16384,128,fp8,B2B,114.1828,1062.968,0.265742,algo_id=66;tile=96x128(28);stages=128xAUTO(36);splitk=1;red=NONE;cta_swz=0;custom=4;inner=UNDEFINED(0);cluster=2x1x1(3);ws=0B;waves=0.96;heur=8;rank=1;searched=8;fast_accum=0,1830
deepseek_v4_pro,7168,16384,128,fp8,ISO,120.8960,1003.943,0.250986,algo_id=66;tile=96x128(28);stages=128xAUTO(36);splitk=1;red=NONE;cta_swz=0;custom=4;inner=UNDEFINED(0);cluster=2x1x1(3);ws=0B;waves=0.96;heur=8;rank=1;searched=8;fast_accum=0,1830
deepseek_v4_pro,7168,16384,128,bf16,B2B,223.1011,1088.051,0.272013,algo_id=66;tile=96x64(27);stages=64xAUTO(35);splitk=1;red=NONE;cta_swz=0;custom=2;inner=UNDEFINED(0);cluster=1x2x1(5);ws=0B;waves=1.92;heur=8;rank=8;searched=8;fast_accum=0,1830
deepseek_v4_pro,7168,16384,128,bf16,ISO,228.9280,1060.357,0.265089,algo_id=66;tile=96x64(27);stages=64xAUTO(35);splitk=1;red=NONE;cta_swz=0;custom=2;inner=UNDEFINED(0);cluster=1x2x1(5);ws=0B;waves=1.92;heur=8;rank=8;searched=8;fast_accum=0,1830
minimax_m3,6144,8192,1,fp8,B2B,22.9454,2194.430,0.548608,algo_id=66;tile=320x8(514);stages=128xAUTO(36);splitk=3;red=COMPUTE_TYPE;cta_swz=0;custom=1;inner=UNDEFINED(0);cluster=4x1x1(4);ws=73744B;waves=0.26;heur=8;rank=5;searched=8;fast_accum=0,1830
minimax_m3,6144,8192,1,fp8,ISO,33.8880,1485.839,0.371460,algo_id=66;tile=320x8(514);stages=128xAUTO(36);splitk=3;red=COMPUTE_TYPE;cta_swz=0;custom=1;inner=UNDEFINED(0);cluster=4x1x1(4);ws=73744B;waves=0.26;heur=8;rank=5;searched=8;fast_accum=0,1830
minimax_m3,6144,8192,1,bf16,B2B,34.7627,2896.908,0.724227,algo_id=66;tile=320x8(514);stages=64xAUTO(35);splitk=3;red=COMPUTE_TYPE;cta_swz=0;custom=1;inner=UNDEFINED(0);cluster=4x1x1(4);ws=73744B;waves=0.26;heur=8;rank=8;searched=8;fast_accum=0,1830
minimax_m3,6144,8192,1,bf16,ISO,49.7600,2023.799,0.505950,algo_id=66;tile=320x8(514);stages=64xAUTO(35);splitk=3;red=COMPUTE_TYPE;cta_swz=0;custom=1;inner=UNDEFINED(0);cluster=4x1x1(4);ws=73744B;waves=0.26;heur=8;rank=8;searched=8;fast_accum=0,1830
minimax_m3,6144,8192,2,fp8,B2B,22.9771,2192.299,0.548075,algo_id=66;tile=128x8(393);stages=128xAUTO(36);splitk=3;red=COMPUTE_TYPE;cta_swz=0;custom=1;inner=UNDEFINED(0);cluster=2x1x1(3);ws=147472B;waves=0.62;heur=8;rank=2;searched=8;fast_accum=0,1830
minimax_m3,6144,8192,2,fp8,ISO,33.2160,1516.516,0.379129,algo_id=66;tile=128x8(393);stages=128xAUTO(36);splitk=3;red=COMPUTE_TYPE;cta_swz=0;custom=1;inner=UNDEFINED(0);cluster=2x1x1(3);ws=147472B;waves=0.62;heur=8;rank=2;searched=8;fast_accum=0,1830
minimax_m3,6144,8192,2,bf16,B2B,34.9113,2885.749,0.721437,algo_id=66;tile=320x8(514);stages=64xAUTO(35);splitk=3;red=COMPUTE_TYPE;cta_swz=0;custom=1;inner=UNDEFINED(0);cluster=4x1x1(4);ws=147472B;waves=0.26;heur=8;rank=8;searched=8;fast_accum=0,1830
minimax_m3,6144,8192,2,bf16,ISO,49.9200,2018.133,0.504533,algo_id=66;tile=320x8(514);stages=64xAUTO(35);splitk=3;red=COMPUTE_TYPE;cta_swz=0;custom=1;inner=UNDEFINED(0);cluster=4x1x1(4);ws=147472B;waves=0.26;heur=8;rank=8;searched=8;fast_accum=0,1830
minimax_m3,6144,8192,4,fp8,B2B,23.0446,2187.650,0.546912,algo_id=66;tile=128x8(393);stages=128xAUTO(36);splitk=3;red=COMPUTE_TYPE;cta_swz=0;custom=1;inner=UNDEFINED(0);cluster=2x1x1(3);ws=294928B;waves=0.62;heur=8;rank=2;searched=8;fast_accum=0,1830
minimax_m3,6144,8192,4,fp8,ISO,33.3760,1510.474,0.377618,algo_id=66;tile=128x8(393);stages=128xAUTO(36);splitk=3;red=COMPUTE_TYPE;cta_swz=0;custom=1;inner=UNDEFINED(0);cluster=2x1x1(3);ws=294928B;waves=0.62;heur=8;rank=2;searched=8;fast_accum=0,1830
minimax_m3,6144,8192,4,bf16,B2B,35.1964,2864.697,0.716174,algo_id=66;tile=320x8(514);stages=64xAUTO(35);splitk=3;red=COMPUTE_TYPE;cta_swz=0;custom=1;inner=UNDEFINED(0);cluster=4x1x1(4);ws=294928B;waves=0.26;heur=8;rank=8;searched=8;fast_accum=0,1830
minimax_m3,6144,8192,4,bf16,ISO,49.8880,2021.070,0.505267,algo_id=66;tile=320x8(514);stages=64xAUTO(35);splitk=3;red=COMPUTE_TYPE;cta_swz=0;custom=1;inner=UNDEFINED(0);cluster=4x1x1(4);ws=294928B;waves=0.26;heur=8;rank=8;searched=8;fast_accum=0,1830
minimax_m3,6144,8192,8,fp8,B2B,23.3173,2165.577,0.541394,algo_id=66;tile=128x8(393);stages=128xAUTO(36);splitk=3;red=COMPUTE_TYPE;cta_swz=0;custom=1;inner=UNDEFINED(0);cluster=2x1x1(3);ws=589840B;waves=0.62;heur=8;rank=2;searched=8;fast_accum=0,1830
minimax_m3,6144,8192,8,fp8,ISO,33.3120,1515.835,0.378959,algo_id=66;tile=128x8(393);stages=128xAUTO(36);splitk=3;red=COMPUTE_TYPE;cta_swz=0;custom=1;inner=UNDEFINED(0);cluster=2x1x1(3);ws=589840B;waves=0.62;heur=8;rank=2;searched=8;fast_accum=0,1830
minimax_m3,6144,8192,8,bf16,B2B,35.4112,2851.950,0.712988,algo_id=66;tile=320x8(514);stages=64xAUTO(35);splitk=3;red=COMPUTE_TYPE;cta_swz=0;custom=1;inner=UNDEFINED(0);cluster=4x1x1(4);ws=589840B;waves=0.26;heur=8;rank=8;searched=8;fast_accum=0,1830
minimax_m3,6144,8192,8,bf16,ISO,50.3040,2007.613,0.501903,algo_id=66;tile=320x8(514);stages=64xAUTO(35);splitk=3;red=COMPUTE_TYPE;cta_swz=0;custom=1;inner=UNDEFINED(0);cluster=4x1x1(4);ws=589840B;waves=0.26;heur=8;rank=8;searched=8;fast_accum=0,1830
minimax_m3,6144,8192,16,fp8,B2B,24.0213,2108.931,0.527233,algo_id=66;tile=128x16(394);stages=128xAUTO(36);splitk=3;red=COMPUTE_TYPE;cta_swz=0;custom=1;inner=UNDEFINED(0);cluster=2x1x1(3);ws=1179664B;waves=0.62;heur=8;rank=2;searched=8;fast_accum=0,1830
minimax_m3,6144,8192,16,fp8,ISO,33.9520,1492.087,0.373022,algo_id=66;tile=128x16(394);stages=128xAUTO(36);splitk=3;red=COMPUTE_TYPE;cta_swz=0;custom=1;inner=UNDEFINED(0);cluster=2x1x1(3);ws=1179664B;waves=0.62;heur=8;rank=2;searched=8;fast_accum=0,1830
minimax_m3,6144,8192,16,bf16,B2B,36.6208,2766.697,0.691674,algo_id=66;tile=320x16(515);stages=64xAUTO(35);splitk=3;red=COMPUTE_TYPE;cta_swz=0;custom=1;inner=UNDEFINED(0);cluster=4x1x1(4);ws=1179664B;waves=0.26;heur=8;rank=8;searched=8;fast_accum=0,1830
minimax_m3,6144,8192,16,bf16,ISO,51.0400,1985.083,0.496271,algo_id=66;tile=320x16(515);stages=64xAUTO(35);splitk=3;red=COMPUTE_TYPE;cta_swz=0;custom=1;inner=UNDEFINED(0);cluster=4x1x1(4);ws=1179664B;waves=0.26;heur=8;rank=8;searched=8;fast_accum=0,1830
minimax_m3,6144,8192,32,fp8,B2B,25.5716,1993.895,0.498474,algo_id=66;tile=192x32(451);stages=128xAUTO(36);splitk=2;red=COMPUTE_TYPE;cta_swz=0;custom=1;inner=UNDEFINED(0);cluster=2x1x1(3);ws=1572880B;waves=0.41;heur=8;rank=3;searched=8;fast_accum=0,1830
minimax_m3,6144,8192,32,fp8,ISO,36.9920,1378.325,0.344581,algo_id=66;tile=192x32(451);stages=128xAUTO(36);splitk=2;red=COMPUTE_TYPE;cta_swz=0;custom=1;inner=UNDEFINED(0);cluster=2x1x1(3);ws=1572880B;waves=0.41;heur=8;rank=3;searched=8;fast_accum=0,1830
minimax_m3,6144,8192,32,bf16,B2B,40.0949,2543.314,0.635829,algo_id=66;tile=256x32(35);stages=64xAUTO(35);splitk=3;red=COMPUTE_TYPE;cta_swz=0;custom=1;inner=UNDEFINED(0);cluster=2x1x1(3);ws=2359312B;waves=0.31;heur=8;rank=1;searched=8;fast_accum=0,1830
minimax_m3,6144,8192,32,bf16,ISO,54.4320,1873.420,0.468355,algo_id=66;tile=256x32(35);stages=64xAUTO(35);splitk=3;red=COMPUTE_TYPE;cta_swz=0;custom=1;inner=UNDEFINED(0);cluster=2x1x1(3);ws=2359312B;waves=0.31;heur=8;rank=1;searched=8;fast_accum=0,1830
minimax_m3,6144,8192,64,fp8,B2B,28.4850,1812.969,0.453242,algo_id=66;tile=80x64(134);stages=128xAUTO(36);splitk=1;red=NONE;cta_swz=0;custom=0;inner=UNDEFINED(0);cluster=2x1x1(3);ws=0B;waves=0.99;heur=8;rank=1;searched=8;fast_accum=0,1830
minimax_m3,6144,8192,64,fp8,ISO,34.9440,1477.861,0.369465,algo_id=66;tile=80x64(134);stages=128xAUTO(36);splitk=1;red=NONE;cta_swz=0;custom=0;inner=UNDEFINED(0);cluster=2x1x1(3);ws=0B;waves=0.99;heur=8;rank=1;searched=8;fast_accum=0,1830
minimax_m3,6144,8192,64,bf16,B2B,50.8576,2030.861,0.507715,algo_id=66;tile=80x64(134);stages=64xAUTO(35);splitk=1;red=NONE;cta_swz=0;custom=0;inner=UNDEFINED(0);cluster=2x1x1(3);ws=0B;waves=0.99;heur=8;rank=1;searched=8;fast_accum=0,1830
minimax_m3,6144,8192,64,bf16,ISO,60.0640,1719.578,0.429895,algo_id=66;tile=80x64(134);stages=64xAUTO(35);splitk=1;red=NONE;cta_swz=0;custom=0;inner=UNDEFINED(0);cluster=2x1x1(3);ws=0B;waves=0.99;heur=8;rank=1;searched=8;fast_accum=0,1830
minimax_m3,6144,8192,128,fp8,B2B,51.0290,1037.706,0.259427,algo_id=66;tile=80x128(135);stages=128xAUTO(36);splitk=1;red=NONE;cta_swz=0;custom=0;inner=UNDEFINED(0);cluster=2x1x1(3);ws=0B;waves=0.99;heur=8;rank=1;searched=8;fast_accum=0,1830
minimax_m3,6144,8192,128,fp8,ISO,57.8880,914.751,0.228688,algo_id=66;tile=80x128(135);stages=128xAUTO(36);splitk=1;red=NONE;cta_swz=0;custom=0;inner=UNDEFINED(0);cluster=2x1x1(3);ws=0B;waves=0.99;heur=8;rank=1;searched=8;fast_accum=0,1830
minimax_m3,6144,8192,128,bf16,B2B,96.3122,1099.614,0.274903,algo_id=66;tile=80x128(135);stages=64xAUTO(35);splitk=1;red=NONE;cta_swz=0;custom=0;inner=UNDEFINED(0);cluster=2x1x1(3);ws=0B;waves=0.99;heur=8;rank=1;searched=8;fast_accum=0,1830
minimax_m3,6144,8192,128,bf16,ISO,105.9840,999.266,0.249816,algo_id=66;tile=80x128(135);stages=64xAUTO(35);splitk=1;red=NONE;cta_swz=0;custom=0;inner=UNDEFINED(0);cluster=2x1x1(3);ws=0B;waves=0.99;heur=8;rank=1;searched=8;fast_accum=0,1830
